<colors>
	<color name="white">FFe5c100</color>
	<color name="white2">d0e5c100</color>
	<color name="grey">FFffffff</color>
	<color name="grey2">FFffffff</color>
	<color name="grey3">FFffffff</color>
	<color name="grey4">FFffffff</color>
	<color name="black">FF000000</color>
	<color name="blue">FFe5c100</color>
	<color name="selected">FF33B5E5</color>
	<color name="invalid">FFFF0000</color>
	<color name="dialogheader">FF606060</color>
	<color name="labelheader">FF6db9e5</color>
	<color name="shadow">AA000000</color>
	<color name="topbar">8859a8d5</color>
</colors>