<?xml version="1.0" encoding="UTF-8"?>
<addon id="skin.papaws.aura" version="1.1.21" name="Papaw's Aura" provider-name="The Papaw">
	<requires>
		<import addon="xbmc.gui" version="5.17.0"/>
	</requires>
	<extension point="xbmc.gui.skin" debugging="false">
		<res width="1920" height="1440" aspect="4:3" default="false" folder="xml" />
		<res width="1920" height="1280" aspect="3:2" default="false" folder="xml" />
		<res width="1920" height="1200" aspect="16:10" default="false" folder="xml" />
		<res width="2040" height="1080" aspect="17:9" default="false" folder="xml" />
		<res width="1920" height="1080" aspect="16:9" default="true" folder="xml" />
		<res width="2560" height="1080" aspect="21:9" default="false" folder="xml" />
		<res width="2338" height="1080" aspect="19.5:9" default="false" folder="xml" />
		<res width="2160" height="1080" aspect="18:9" default="false" folder="xml" />
	</extension>
	<extension point="xbmc.addon.metadata">
		<platform>all</platform>
		<license>CC BY-SA 4.0, GNU GENERAL PUBLIC LICENSE Version 3.0</license>
		<forum>https://buymeacoffee.com/zizzlezazzle</forum>
		<source>https://github.com/ThePapaw/psmc-21</source>
		<assets>
			<icon>resources/icon.png</icon>
			<fanart>resources/fanart.jpg</fanart>
			<screenshot>resources/screenshot-01.jpg</screenshot>
			<screenshot>resources/screenshot-02.jpg</screenshot>
			<screenshot>resources/screenshot-03.jpg</screenshot>
			<screenshot>resources/screenshot-04.jpg</screenshot>
			<screenshot>resources/screenshot-05.jpg</screenshot>
			<screenshot>resources/screenshot-06.jpg</screenshot>
			<screenshot>resources/screenshot-07.jpg</screenshot>
			<screenshot>resources/screenshot-08.jpg</screenshot>
		</assets>
		<summary lang="af_ZA">Papaw's Aura oortreksel deur The Papaw. (PSMC se bestek oortreksel)</summary>
		<summary lang="ar_SA">مظهر Papaw's Aura بواسطة The Papaw. ( مظهر كودي الافتراضي )</summary>
		<summary lang="be_BY">Абалонка &quot;Papaw's Aura&quot; ад The Papaw. (прадвызначаная абалонка PSMC)</summary>
		<summary lang="bg_BG">Papaw's Aura облик от The Papaw и Piers. (стандартния облик на PSMC)</summary>
		<summary lang="ca_ES">Aparença Papaw's Aura per The Papaw i Piers. (aparença predeterminada de PSMC)</summary>
		<summary lang="cs_CZ">Vzhled Papaw's Aura od autora The Papaw. (Výchozí vzhled PSMC)</summary>
		<summary lang="da_DK">Papaw's Aura skin af The Papaw (PSMCs standard brugerflade)</summary>
		<summary lang="de_DE">Papaw's Aura Skin von The Papaw. (PSMC-Standardskin)</summary>
		<summary lang="el_GR">Το κέλυφος Papaw's Aura από τον The Papaw και τον Pier. (προεπιλεγμένο κέλυφος του PSMC)</summary>
		<summary lang="en_GB">Papaw's Aura skin by The Papaw. (PSMC&apos;s default skin)</summary>
		<summary lang="en_NZ">Papaw's Aura skin by The Papaw and Piers. (PSMC&apos;s default skin)</summary>
		<summary lang="en_US">Papaw's Aura skin by The Papaw and Piers. (PSMC&apos;s default skin)</summary>
		<summary lang="es_AR">Skin Papaw's Aura por The Papaw (skin por defecto de PSMC)</summary>
		<summary lang="es_ES">Skin Papaw's Aura por The Papaw. (skin por defecto de PSMC)</summary>
		<summary lang="es_MX">Máscara Papaw's Aura por The Papaw y Piers. (La máscara predeterminada de PSMC)</summary>
		<summary lang="et_EE">Papaw's Aura rüü autor on The Papaw. (PSMC vaikerüü)</summary>
		<summary lang="eu_ES">Papaw's Aura azala The Papaw-ek egina. (PSMCren azal lehenetsia)</summary>
		<summary lang="fa_IR">پوستهٔ اسچوری به دست The Papaw. (پوستهٔ پیش‌گزیدهٔ کودی)</summary>
		<summary lang="fi_FI">Papaw's Aura-ulkoasun ovat kehittäneet The Papaw ja Piers. (PSMCn oletusulkoasu)</summary>
		<summary lang="fr_CA">Habillage Papaw's Aura par The Papaw et Piers (habillage par défaut de PSMC).</summary>
		<summary lang="fr_FR">Papaw's Aura, un habillage par The Papaw et Piers (habillage d&apos;origine de PSMC)</summary>
		<summary lang="gl_ES">Pel Papaw's Aura por The Papaw and Piers. (Pel predefinida do PSMC)</summary>
		<summary lang="he_IL">מעטפת Papaw's Aura של The Papaw (ברירת המחדל של קודי)</summary>
		<summary lang="hr_HR">Papaw's Aura presvlaka autora The Papaw i Piersa. (Zadana PSMC presvlaka)</summary>
		<summary lang="hu_HU">Papaw's Aura felszín. Készítette The Papaw és Piers. (PSMC alapértelmezett felszín)</summary>
		<summary lang="id_ID">Skin Papaw's Aura oleh The Papaw. (Skin default PSMC)</summary>
		<summary lang="is_IS">Papaw's Aura-skinnið eftir The Papaw. (sjálfgefið útlit PSMC)</summary>
		<summary lang="it_IT">Skin Papaw's Aura di The Papaw. (Skin predefinita di PSMC)</summary>
		<summary lang="ja_JP">Papaw's Auraスキン by The Papaw and Piers (PSMC デフォルトスキン)</summary>
		<summary lang="ko_KR">The Papaw가 만든 Papaw's Aura 스킨. (PSMC 기본 스킨)</summary>
		<summary lang="lt_LT">Papaw's Aura teminė išvaizda, kurią sukūrė The Papaw ir Piers. (Numatytoji PSMC teminė išvaizda)</summary>
		<summary lang="lv_LV">Papaw's Aura apvalks no The Papaw. (PSMC noklusējuma apvalks)</summary>
		<summary lang="mk_MK">Papaw's Aura skin by The Papaw. (PSMC&apos;s default skin)</summary>
		<summary lang="ms_MY">Kulit Papaw's Aura oleh The Papaw dan rakan-rakan. (Kulit lalai PSMC)</summary>
		<summary lang="nb_NO">Esturay-drakt av The Papaw og Piers. (PSMCs forvalgte drakt)</summary>
		<summary lang="nl_NL">Papaw's Aura skin door The Papaw en Piers. (PSMC&apos;s standaardskin)</summary>
		<summary lang="pl_PL">Skóra Eustary autorstwa The Papaw. (domyślna skóra PSMC)</summary>
		<summary lang="pt_BR">Skin Papaw's Aura por The Papaw e Piers. (Skin padrão do PSMC)</summary>
		<summary lang="pt_PT">Visual Papaw's Aura de The Papaw e Piers. (Visual por omissão do PSMC)</summary>
		<summary lang="ro_RO">Tema Papaw's Aura de The Papaw. (Temă implicită pentru PSMC)</summary>
		<summary lang="ru_RU">Обложка Papaw's Aura от The Papaw (стандартная обложка PSMC)</summary>
		<summary lang="sk_SK">Vzhľad Papaw's Aura, vytvorili The Papaw. (predvolený vzhľad pre PSMC)</summary>
		<summary lang="sr_RS">Маска Papaw's Aura аутора The Papaw и Piers. (Подразумевана Коди маска)</summary>
		<summary lang="sr_RS@latin">Maska Papaw's Aura autora The Papaw i Piers. (Podrazumevana PSMC maska)</summary>
		<summary lang="sv_SE">Papaw's Aura, ett skal av The Papaw. (PSMC&apos;s standardskal)</summary>
		<summary lang="szl">Skōra Papaw's Aura ôd The Papaw i Piers. (Wychodno skōra PSMC)</summary>
		<summary lang="th_TH">สกิน Papaw's Aura โดย The Papaw และ Piers (หน้าตาเริ่มต้นของPSMC)</summary>
		<summary lang="tr_TR">Papaw's Aura dış görünümü. The Papaw (PSMC&apos;nin varsayılan dış görünümü)</summary>
		<summary lang="uk_UA">Обкладинка Papaw's Aura від The Papaw і Piers. (стандартна обкладинка PSMC)</summary>
		<summary lang="vi_VN">Giao diện Papaw's Aura của The Papaw. (Giao diện mặc định của PSMC)</summary>
		<summary lang="zh_CN">The Papaw 开发的 Papaw's Aura 皮肤（PSMC 的默认皮肤）。</summary>
		<summary lang="zh_TW">The Papaw與Piers 製作的Papaw's Aura佈景主題（PSMC的預設佈景主題）</summary>
		<description lang="af_ZA">Papaw's Aura is die bestek oortreksel vir PSMC 17.0 en op. Dit poog om maklik te wees vir eerste keer PSMC gebruikers om te verstaan en te gebruik.</description>
		<description lang="ar_SA">Papaw's Aura هو المظهر الافتراضي ل كودي الإصدار 17.0 و أعلى. يطمح بأن يكون سهل الاستخدام والفهم لمستخدمين كودي الجدد.</description>
		<description lang="be_BY">Papaw's Aura - прадвызначаная абалонка для PSMC 17.0 і пазнейшых версій. Яна будзе простай і зразумелай для карыстальнікаў, якія не мелі досведу працы з PSMC.</description>
		<description lang="bg_BG">Papaw's Aura е стандартният облик на PSMC 17 и по-новите версии. Целта е да се улеснят хората, които се сблъскват за първи път с PSMC.</description>
		<description lang="ca_ES">Papaw's Aura és l&apos;aparença predeterminada de PSMC 17.0 i posteriors. Per als usuaris per primera vegada de PSMC, intenta ser fàcil d&apos;entendre i d&apos;utilitzar.</description>
		<description lang="cs_CZ">Papaw's Aura je výchozí vzhled pro PSMC 17.0 a vyšší. Snaží se být jednoduše pochopitelný a použitelný pro nové uživatele PSMC.</description>
		<description lang="da_DK">Papaw's Aura er standardbrugerfladen for PSMC 17.0 og højere. Det forenkler førstegangsbrugen af PSMC ved at gøre det nemmere at forstå og bruge.</description>
		<description lang="de_DE">Papaw's Aura ist der Standardskin für PSMC 17.0 und höher. Ziel war es, einen einfach zu bedienenden Skin für neue PSMC-Benutzer zu entwickeln.</description>
		<description lang="el_GR">Το Papaw's Aura είναι η προεπιλεγμένη αμφίεση για τις εκδόσεις PSMC 17.0 και άνω. Επιχειρεί να είναι προσιτό στους αρχάριους χρήστες του PSMC για να το κατανοήσουν και να το χρησιμοποιήσουν.</description>
		<description lang="en_GB">Papaw's Aura is the default skin for PSMC 19.0 and above. It attempts to be easy for first time PSMC users to understand and use.</description>
		<description lang="en_NZ">Papaw's Aura is the default skin for PSMC 19.0 and above. It attempts to be easy for first time PSMC users to understand and use.</description>
		<description lang="en_US">Papaw's Aura is the default skin for PSMC 19.0 and above. It attempts to be easy for first time PSMC users to understand and use.</description>
		<description lang="es_AR">Papaw's Aura es el skin por defecto para PSMC 19.0 y posteriores. Intenta ser fácil de entender y utilizar para los usuarios PSMC primerizos.</description>
		<description lang="es_ES">Papaw's Aura es el skin por defecto para PSMC 19.0 o superior. Su objetivo es la facilidad de comprensión y uso para usuarios primerizos de PSMC.</description>
		<description lang="es_MX">Papaw's Aura es la máscara por defecto para PSMC 19.0 y superior. Su objetivo es ser fácil de entender y usar para los usuarios nuevos a PSMC.</description>
		<description lang="et_EE">Papaw's Aura on PSMC vaikerüü versioonist 19.0. PSMC esmakasutajatel on rüüd kerge mõista ja kasutada.</description>
		<description lang="eu_ES">Papaw's Aura azala kodi 19.0 eta berriagoen azal lehenetsia da. PSMCren erabiltzaile hasiberrientzako erabilerraza eta ulerterraza izaten saiatzen da.</description>
		<description lang="fa_IR">اسچوری پوستهٔ پیش‌گزیدهٔ کودی ۱۷٫۰ و بالاتر است. این پوسته تلاش می‌کند درک و استفاده‌اش برای کاربرانی که نخستین بار با کودی کار می‌کنند، ساده باشد.</description>
		<description lang="fi_FI">Papaw's Aura on PSMCn oletusulkoasu alkaen versiosta 19.0. Sen on tarkoitus olla uusille PSMC-käyttäjille selkeä ja helppokäyttöinen.</description>
		<description lang="fr_CA">Papaw's Aura est l’habillage par défaut pour PSMC 19.0 et ultérieure. Il s’efforce d’être facile à comprendre et à utiliser pour les utilisateurs débutants de PSMC.</description>
		<description lang="fr_FR">Papaw's Aura est l&apos;habillage d&apos;origine pour PSMC 19.0 et supérieur. Il est facile à comprendre et à utiliser pour les utilisateurs novices de PSMC.</description>
		<description lang="gl_ES">Papaw's Aura é a pel predefinida para PSMC 19.0 e superior. Esta tenta ser doada de entender e usar polos usuarios recen chegados a PSMC.</description>
		<description lang="he_IL">Papaw's Aura היא מעטפת ברירת המחדל של קודי מגרסאות 19.0 ומעלה. מטרת מעטפת זו היא להיות פשוטה לשימוש ולהכרה ראשונית על ידי משתמשים חדשים.</description>
		<description lang="hr_HR">Papaw's Aura je zadana presvlaka za PSMC 19.0 i novije inačice. To je pokušaj da se novim korisnicima olakša prvo korištenje i kasnija upotreba PSMCja.</description>
		<description lang="hu_HU">Az Papaw's Aura az alapértelmezett felszín a 19.0 és újabb PSMC kiadásokban. Megpróbál könnyen kezelhető és használható lenni, az újonc PSMC felhasználóknak is.</description>
		<description lang="id_ID">Papaw's Aura adalah skin default untuk PSMC 19.0 dan di atasnya. Ini untuk mudah dipahami dan digunakan oleh pengguna PSMC yang pertama kali.</description>
		<description lang="is_IS">Papaw's Aura er sjálfgefið skinn fyrir PSMC 19.0 og nýrri. Með því á að vera auðvelt fyrir fyrsta-skiptis PSMC-notendur að skilja og nota viðmótið.</description>
		<description lang="it_IT">Papaw's Aura è la skin predefinita di PSMC 19.0 e successivi. Cerca di essere facile da capire e da usare per chi si avvicina per la prima volta a PSMC.</description>
		<description lang="ja_JP">Papaw's AuraはPSMC 19.0およびそれ以上のバージョンで標準のスキンです。ユーザーが初めてPSMCに触れる際にわかりやすく使えるようにしてあります。</description>
		<description lang="ko_KR">Papaw's Aura는 PSMC 19.0이상의 기본 스킨입니다. 처음 PSMC를 접하는 사용자가 쉽게 이해하고 사용할 수 있도록 만들었습니다.</description>
		<description lang="lt_LT">Papaw's Aura yra numatytoji PSMC 19.0 ir aukštesnių versijų teminė išvaizda. Jos tikslas yra būti lengvai perprantama naujiems PSMC vartotojams.</description>
		<description lang="ms_MY">Papaw's Aura ialah kulit lalai untuk PSMC 19.0 dan ke atas. Kulit yang mudah digunakan buat pengguna PSMC kali pertama untuk memahami dan menggunakannya.</description>
		<description lang="nb_NO">Papaw's Aura er forvalgt drakt til PSMC 19.0 og nyere. Det tar mål av seg å være en enkel drakt for førstegangsbrukere av PSMC, slik at det er til å forstå og kan brukes.</description>
		<description lang="nl_NL">Papaw's Aura is de standaardskin voor PSMC 19.0 en hoger. Het tracht eenvoudig te begrijpen en te gebruiken te zijn voor beginnende PSMC-gebruikers.</description>
		<description lang="pl_PL">Eustary jest domyślną skórą PSMC dla wersji 19.0 i późniejszych. Jest próbą łatwego wprowadzenia początkujących użytkowników w funkcje PSMC.</description>
		<description lang="pt_BR">Papaw's Aura é a skin padrão para o PSMC 19.0 e acima. Objetiva ser fácil para usuários que iniciam no PSMC pela primeira vez, facilitando aprendizagem de uso do mesmo.</description>
		<description lang="pt_PT">O Papaw's Aura é o visual por omissão para o PSMC 19.0 e posteriores. Tenta ser simples para os utilizadores menos experientes do PSMC compreenderem e usarem.</description>
		<description lang="ro_RO">Papaw's Aura este tema implicită pentru PSMC 19.0 și versiunile ulterioare. Încearcă să fie ușor de înțeles și folosit pentru utilizatorii care folosesc PSMC pentru prima dată.</description>
		<description lang="ru_RU">Papaw's Aura — это стандартная обложка PSMC, начиная с версии 19.0. Простая и понятная в использовании для новых пользователей PSMC.</description>
		<description lang="sk_SK">Papaw's Aura je predvolený vzhľad pre PSMC 19.0 a vyššie. Je výsledkom snahy o vzhľad, ktorý bude ľahko zrozumiteľný a použiteľný pre nových používateľov PSMC.</description>
		<description lang="sr_RS">Papaw's Aura је подразумевана маска за PSMC 19.0 и изнад. Покушава да буде једноставан за разумевање и коришћење новим корисницима PSMC-ја.</description>
		<description lang="sr_RS@latin">Papaw's Aura je podrazumevana maska za PSMC 19.0 i iznad. Pokušava da bude jednostavan za razumevanje i korišćenje novim korisnicima PSMCja.</description>
		<description lang="sv_SE">Papaw's Aura är standardskalet för PSMC 19.0 och uppåt. Det är utformat för att vara lättförståeligt och användarvänligt för förstagångsanvändare av PSMC.</description>
		<description lang="szl">Papaw's Aura je wychodnōm skōrōm PSMC dlŏ wersyje 19.0 i dalszych. Prōbuje być proste dlŏ używŏczōw, dlŏ kerych PSMC je nowe</description>
		<description lang="th_TH">Papaw's Aura คือหน้าตาเริ่มต้นของ PSMC 19.0 และสูงกว่า เป็นความพยายามที่จะทำให้ง่ายสำหรับผู้ใช้ PSMC ในครั้งแรก ที่จะเข้าใจและใช้งาน</description>
		<description lang="tr_TR">Papaw's Aura PSMC 19.0 ve yukarısı için varsayılan dış görünümdür. İlk kez PSMC kullananlar için anlaşılması ve kullanımı kolaydır.</description>
		<description lang="uk_UA">Papaw's Aura є стандартною обкладинкою PSMC 19.0 і подальших версій. Її основна ідея — простота використання для нових користувачів PSMC.</description>
		<description lang="vi_VN">Papaw's Aura là giao diện mặc định cho PSMC 19.0 trở lên. Nó dễ dàng cho người dùng PSMC lần đầu tiên hiểu và sử dụng.</description>
		<description lang="zh_CN">Papaw's Aura 是 PSMC 19.0 的默认皮肤。它力求使首次使用 PSMC 的用户易于上手。</description>
		<description lang="zh_TW">Papaw's Aura是PSMC 19.0開始搭載的預設佈景主題。主要在讓第一次使用 PSMC 的使用者可以簡單地上手。</description>
		<disclaimer lang="af_ZA">Papaw's Aura is die bestek oortreksel vir PSMC, verwydering mag probleme veroorsaak</disclaimer>
		<disclaimer lang="ar_SA">Papaw's Aura هو المظهر الافتراضي ل كودي, إزالته قد تسبب بعض المشاكل</disclaimer>
		<disclaimer lang="be_BY">Papaw's Aura - прадвызначаная абалонка для PSMC. Яе выдаленне можа прывесці да праблем</disclaimer>
		<disclaimer lang="bg_BG">Papaw's Aura е стандартният облик на PSMC. Премахването му може да предизвика проблеми</disclaimer>
		<disclaimer lang="ca_ES">Papaw's Aura és l&apos;aparença predeterminada de PSMC, si s&apos;elimina pot causar problemes</disclaimer>
		<disclaimer lang="cs_CZ">Papaw's Aura je výchozí vzhled pro PSMC, jeho odebrání může způsobit problémy</disclaimer>
		<disclaimer lang="cy_GB">Papaw's Aura yw croen diofyn PSMC. Efallai bydd ei dynnu yn achosi problemau</disclaimer>
		<disclaimer lang="da_DK">Papaw's Aura er standard brugerfladen. Fjernes det kan der opstå problemer.</disclaimer>
		<disclaimer lang="de_DE">Papaw's Aura ist der Standardskin von PSMC. Ein Entfernen des Skins kann Probleme verursachen</disclaimer>
		<disclaimer lang="el_GR">Το Papaw's Aura είναι η προεπιλεγμένη αμφίεση για το PSMC. Η αφαίρεσή του μπορεί να δημιουργήσει προβλήματα.</disclaimer>
		<disclaimer lang="en_GB">Papaw's Aura is the default skin for PSMC, removing it may cause issues</disclaimer>
		<disclaimer lang="en_NZ">Papaw's Aura is the default skin for PSMC, removing it may cause issues</disclaimer>
		<disclaimer lang="en_US">Papaw's Aura is the default skin for PSMC, removing it may cause issues</disclaimer>
		<disclaimer lang="es_AR">Papaw's Aura es el skin por defecto de PSMC. Borrarlo puede causar problemas</disclaimer>
		<disclaimer lang="es_ES">Papaw's Aura es el skin por defecto de PSMC, quitarlo puede causar problemas</disclaimer>
		<disclaimer lang="es_MX">Papaw's Aura es la máscara predeterminada de PSMC, eliminarla puede causar problemas</disclaimer>
		<disclaimer lang="et_EE">Papaw's Aura on PSMC vaikerüü, selle eemaldamine võib põhjustada probleeme</disclaimer>
		<disclaimer lang="eu_ES">Papaw's Aura PSMCren azal lehenetsia da. Ezabatzeak arazoak eragin ditzake</disclaimer>
		<disclaimer lang="fa_IR">اسچوری پوستهٔ پیش‌گزیدهٔ کودی است. ممکن است برداشتنش موجب مشکلاتی شود</disclaimer>
		<disclaimer lang="fi_FI">Papaw's Aura on PSMCn oletusulkoasu ja sen poisto voi aiheuttaa ongelmia</disclaimer>
		<disclaimer lang="fr_CA">Papaw's Aura est l’habillage par défaut de PSMC, le supprimer peut créer des problèmes</disclaimer>
		<disclaimer lang="fr_FR">Papaw's Aura est l&apos;habillage d&apos;origine de PSMC, le retirer peut créer des problèmes</disclaimer>
		<disclaimer lang="gl_ES">Papaw's Aura é a pel predefinida para PSMC e eliminala pode causar problemas.</disclaimer>
		<disclaimer lang="he_IL">Papaw's Aura היא מעטפת ברירת המחדל של קודי, הסרתה עלולה לגרום לתקלות</disclaimer>
		<disclaimer lang="hr_HR">Papaw's Aura je zadana presvlaka za PSMC, njegovo uklanjanje može uzrokovati poteškoće</disclaimer>
		<disclaimer lang="hu_HU">Az Papaw's Aura az alapértelmezett PSMC felszín. Eltávolítása problémákat okozhat</disclaimer>
		<disclaimer lang="id_ID">Papaw's Aura adalah skin default untuk PSMC, menghapusnya dapat menyebabkan masalah</disclaimer>
		<disclaimer lang="is_IS">Papaw's Aura er sjálfgefið skinn fyrir PSMC, ef það er fjarlægt gætu komið upp ýmis vandamál</disclaimer>
		<disclaimer lang="it_IT">Papaw's Aura è la skin predefinita di PSMC, rimuoverla potrebbe causare problemi</disclaimer>
		<disclaimer lang="ja_JP">Papaw's AuraはPSMCのデフォルトスキンなので、これを削除するとうまく動かなくなる可能性があります</disclaimer>
		<disclaimer lang="ko_KR">Papaw's Aura는 PSMC의 기본스킨으로 제거시 문제가 생길 수 있습니다</disclaimer>
		<disclaimer lang="lt_LT">Papaw's Aura yra numatytoji PSMC teminė išvaizda, jos pašalinimas gali sukelti problemų</disclaimer>
		<disclaimer lang="ms_MY">Papaw's Aura ialah kulit lalai PSMC, mengubahnya boleh menimbulkan isu.</disclaimer>
		<disclaimer lang="nb_NO">Papaw's Aura er forvalgt drakt for PSMC, dersom du fjerner det kan det forårsake problemer.</disclaimer>
		<disclaimer lang="nl_NL">Papaw's Aura is de standaardskin voor PSMC, het verwijderen van Papaw's Aura kan leiden tot problemen.</disclaimer>
		<disclaimer lang="pl_PL">Eustary jest domyślną skórą PSMC, usunięciejej może powodować problemy</disclaimer>
		<disclaimer lang="pt_BR">Papaw's Aura é a skin padrão para o PSMC, removendo-a pode causar problemas</disclaimer>
		<disclaimer lang="pt_PT">O Papaw's Aura é o visual por omissão do PSMC; se o remover, poderá ter alguns problemas</disclaimer>
		<disclaimer lang="ro_RO">Papaw's Aura este tema implicită pentru PSMC, eliminarea ei poate cauza probleme</disclaimer>
		<disclaimer lang="ru_RU">Papaw's Aura — это стандартная обложка PSMC, и ее удаление может привести к возникновению проблем</disclaimer>
		<disclaimer lang="sk_SK">Papaw's Aura je predvolený vzhľad pre PSMC, jeho odstránenie môže spôsobiť problémy</disclaimer>
		<disclaimer lang="sr_RS">Papaw's Aura је подразумевана маска за PSMC, уклањање може изазвати проблеме</disclaimer>
		<disclaimer lang="sr_RS@latin">Papaw's Aura je podrazumevana maska za PSMC, uklanjanje može izazvati probleme</disclaimer>
		<disclaimer lang="sv_SE">Papaw's Aura är PSMCs standardskal. Om du tar bort det kan det orsaka problem</disclaimer>
		<disclaimer lang="szl">Papaw's Aura je wychodnōm skōrōm PSMC, jij uchrōniynie może sprŏwiać niyprzileżytości</disclaimer>
		<disclaimer lang="th_TH">Papaw's Aura เป็นหน้าตาเริ่มต้นสำหรับ PSMC, การลบมัน อาจทำให้เกิดปัญหา</disclaimer>
		<disclaimer lang="tr_TR">Papaw's Aura PSMC için varsayılan dış görünümdür, kaldırmak sorunlara yol açabilir</disclaimer>
		<disclaimer lang="uk_UA">Papaw's Aura — основна обкладинка PSMC, і її видалення може призвести до проблем</disclaimer>
		<disclaimer lang="vi_VN">Papaw's Aura là giao diện mặc định cho PSMC, loại bỏ nó có thể gây ra sự cố</disclaimer>
		<disclaimer lang="zh_CN">Papaw's Aura 是 PSMC 的默认皮肤，删除它可能导致故障。</disclaimer>
		<disclaimer lang="zh_TW">Papaw's Aura 是 PSMC 預設的佈景主題，移除它可能會造成問題</disclaimer>
	</extension>
</addon>
