<?xml version="1.0" encoding="UTF-8"?>
<addon id="resource.uisounds.psmc-batman" version="21.2.0" name="PSMC's Batman GUI Sounds" provider-name="The Papaw">
  <requires>
    <import addon="kodi.resource" version="1.0.0"/>
  </requires>
  <extension point="kodi.resource.uisounds"/>
  <extension point="kodi.addon.metadata">
    <summary lang="en">GUI Sounds for the PSMCs Batman skin.</summary>
	<description lang="en">These GUI Sounds were created for use with the PSMCs Batman skin provided by The Papaw.</description>
    <platform>all</platform>
	<license>CC BY-NC-SA 4.0</license>
		<forum></forum>
		<website>https://github.com/ThePapaw/psmc-19</website>
		<source>https://github.com/ThePapaw/psmc-19</source>
		<video_guide></video_guide>
		<assets>
			<icon>icon.png</icon>
			<fanart>fanart.jpg</fanart>
		</assets>
		<news>[COLOR FFFFFF00]GUI Sounds for the PSMC's Batman skin[/COLOR][COLOR FF00D5FF][/COLOR]</news>
  </extension>
</addon>
