<?xml version="1.0" encoding="UTF-8"?>
<addon id="skin.papaws.azr.redux" version="21.2.4" name="Papaw's AZR Redux" provider-name="The Papaw">
    <requires>
        <import addon="xbmc.gui" version="5.17.0"/>
        <import addon="resource.uisounds.pazr" />
        <import addon="script.skinshortcuts" />
        <import addon="script.globalsearch" />
        <import addon="script.image.resource.select" />
        <import addon="resource.images.weathericons.white" />
        <import addon="script.embuary.info" />
        <import addon="script.embuary.helper" />
        <import addon="plugin.video.themoviedb.helper" />
    </requires>
    <extension point="xbmc.gui.skin" debugging="false">
        <res width="1920" height="1080" aspect="16:9" default="true" folder="1080i" />
    </extension>
	<extension point="xbmc.addon.metadata">
    <platform>all</platform>
    <license>CC BY-NC-SA 4.0</license>
	<forum>https://buymeacoffee.com/zizzlezazzle</forum>
	<website>https://github.com/ThePapaw/psmc-21</website>
    <source>https://github.com/ThePapaw/psmc-21</source>
    <assets>
		<icon>icon.png</icon>
		<fanart>fanart.jpg</fanart>
		<screenshot>resources/bmc-qr.jpg</screenshot>
		<screenshot>resources/screenshot-01.jpg</screenshot>
		<screenshot>resources/screenshot-02.jpg</screenshot>
		<screenshot>resources/screenshot-03.jpg</screenshot>
		<screenshot>resources/screenshot-04.jpg</screenshot>
		<screenshot>resources/screenshot-05.jpg</screenshot>
		<screenshot>resources/screenshot-06.jpg</screenshot>
		<screenshot>resources/screenshot-07.jpg</screenshot>
		<screenshot>resources/screenshot-08.jpg</screenshot>
		<screenshot>resources/screenshot-09.jpg</screenshot>
		<screenshot>resources/screenshot-10.jpg</screenshot>
	</assets>
	<news>If you would like to show your appreciation for the time and efforts I put into these projects, please buy me [B][COLOR deepskyblue]"a cup of coffee"[/COLOR][/B] by scanning the QR code or visiting [COLOR deepskyblue]bit.ly/3Lb5nd5[/COLOR].[CR][CR][COLOR gold]Latest Update:[/COLOR][CR]v1.4.3[CR] - updated screenshots</news>
	<summary lang="en">Papaw's AZR Redux is based on the original Arctic Zephyr skin created by jurialmunkey. Papaw's AZR Redux is about being simple, clean, minimalistic and extremely customizable.</summary>
	<description lang="en">[CR]If you would like to show your appreciation for the time and efforts I put into these projects, please scan the "Coffee Cup" (QR code) above and buy me [COLOR deepskyblue]a cup of coffee[/COLOR] or visiting [COLOR deepskyblue]bit.ly/3Lb5nd5[/COLOR] to subscribe for access to "What's Next" and all future updates.[CR][CR][COLOR limegreen]Generosity like yours is rare to find these days. I thank you in advance for your support. I am very grateful for EVERY donation and truly appreciate your kindness![/COLOR][COLOR skyblue]  • The Papaw[/COLOR]</description>
    </extension>
</addon>