<?xml version="1.0" encoding="UTF-8"?>
<addon id="resource.uisounds.pazr" version="1.0.4" name="Papaws AZR Redux GUI Sounds" provider-name="The Papaw">
  <requires>
    <import addon="kodi.resource" version="1.0.0"/>
  </requires>
  <extension point="kodi.resource.uisounds"/>
  <extension point="kodi.addon.metadata">
    <news>If you would like to show your appreciation for the time and efforts I put into these projects, please buy me [B][COLOR deepskyblue]"a cup of coffee"[/COLOR][/B] by scanning the QR code or visiting [COLOR deepskyblue]bit.ly/3Lb5nd5[/COLOR].[CR][CR][COLOR gold]Latest Update:[/COLOR][CR]v1.0.4[CR] - removed empty space</news>
	<summary lang="en">GUI sounds for the Papaws AZR Redux skin</summary>
    <description lang="en">GUI sounds for the Papaws AZR Redux skin. [CR][CR]If you would like to show your appreciation for the time and efforts I put into these projects, please scan the "Coffee Cup" (QR code) above and buy me [COLOR deepskyblue]a cup of coffee[/COLOR] or subscribe for access to "What's Next" and all future updates.[CR][CR][COLOR limegreen]Generosity like yours is rare to find these days. I thank you in advance for your support. I am very grateful for EVERY donation and truly appreciate your kindness![/COLOR][COLOR skyblue]  • The Papaw[/COLOR]</description>
    <platform>all</platform>
    <assets>
      <icon>icon.png</icon>
	  <fanart>fanart.jpg</fanart>
	  <screenshot>support/screenshot-01.jpg</screenshot>
	  <screenshot>support/bmc-qr.jpg</screenshot>
    </assets>
  </extension>
</addon>
