<?xml version="1.0" encoding="UTF-8"?>
<window>
	<defaultcontrol always="true">95</defaultcontrol>
	<controls>
		<include>CommonBackground</include>
		<control type="group">
			<top>59</top>
			<include>WindowOpenCloseAnimation</include>
			<include>SystemPanel</include>
			<control type="grouplist" id="9000">
				<left>81</left>
				<top>32</top>
				<width>356</width>
				<height>810</height>
				<onup>9000</onup>
				<ondown>9000</ondown>
				<onright>60</onright>
				<control type="button" id="95">
					<description>Button Summary Values</description>
					<width>356</width>
					<height>90</height>
					<font>font15</font>
					<texturefocus colordiffuse="$VAR[HighlightBarColor]" border="3">listselect_fo.png</texturefocus>
					<label>20037</label>
				</control>
				<control type="button" id="94">
					<description>Button Storage</description>
					<width>356</width>
					<height>90</height>
					<font>font15</font>
					<texturefocus colordiffuse="$VAR[HighlightBarColor]" border="3">listselect_fo.png</texturefocus>
					<label>13277</label>
				</control>
				<control type="button" id="96">
					<description>Button Network</description>
					<width>356</width>
					<height>90</height>
					<font>font15</font>
					<texturefocus colordiffuse="$VAR[HighlightBarColor]" border="3">listselect_fo.png</texturefocus>
					<label>13279</label>
				</control>
				<control type="button" id="97">
					<description>Button Video</description>
					<width>356</width>
					<height>90</height>
					<font>font15</font>
					<texturefocus colordiffuse="$VAR[HighlightBarColor]" border="3">listselect_fo.png</texturefocus>
					<label>13280</label>
				</control>
				<control type="button" id="98">
					<description>Button Hardware</description>
					<width>356</width>
					<height>90</height>
					<font>font15</font>
					<texturefocus colordiffuse="$VAR[HighlightBarColor]" border="3">listselect_fo.png</texturefocus>
					<label>13281</label>
				</control>
				<control type="button" id="99">
					<description>Button PVR</description>
					<width>356</width>
					<height>90</height>
					<font>font15</font>
					<texturefocus colordiffuse="$VAR[HighlightBarColor]" border="3">listselect_fo.png</texturefocus>
					<label>19191</label>
				</control>
				<control type="button" id="91000">
					<description>Button Kodi Build Info</description>
					<width>356</width>
					<height>90</height>
					<font>font15</font>
					<texturefocus colordiffuse="$VAR[HighlightBarColor]" border="3">listselect_fo.png</texturefocus>
					<label>482</label>
				</control>
				<control type="button" id="100">
					<description>Button Kodi Privacy Policy</description>
					<width>356</width>
					<height>90</height>
					<font>font15</font>
					<texturefocus colordiffuse="$VAR[HighlightBarColor]" border="3">listselect_fo.png</texturefocus>
					<label>12389</label>
				</control>
				
				<control type="button" id="101">
					<description>Button "Thank you!"</description>
					<include content="DefaultSettingButton">
						<param name="height" value="90" />
					</include>
					<width>356</width>
					<label>$LOCALIZE[12396]</label>
				</control>
				</control><control type="group" id="102">
					<description>System Info page that shows a QR code linking to https://buymeacoffee.com/zizzlezazzle</description>
					<left>850</left>
					<right>50</right>
					<top>75</top>
				<control type="textbox">
					<height>110</height>
					<align>center</align>
					<label>$LOCALIZE[12397]</label>
				</control>			
				<control type="multiimage" id="103">
					<left>-200</left>
					<top>200</top>
					<height>400</height>
					<imagepath>special://xbmc/media/qr/kodilove/</imagepath>
					<aspectratio>keep</aspectratio>
					<timeperimage>5000</timeperimage>
					<fadetime>1000</fadetime>
					<randomize>false</randomize>
				</control>
				<control type="label">
					<left>-400</left>
					<top>575</top>
					<align>center</align>
					<label>$LOCALIZE[12398]</label>
				</control>
			</control>
			<control type="grouplist" id="9001">
				<left>437</left>
				<top>29.5</top>
				<width>1401</width>
				<height>810</height>
				<onright condition="Control.IsVisible(30)">60</onright>
				<visible>!Control.IsVisible(30) | [Control.HasFocus(1001) | Control.HasFocus(1002)]</visible>
				<control type="button" id="2">
					<description>Label 1</description>
					<height>73</height>
					<include>SettingsButtonCommonValues</include>
					<visible>!String.IsEmpty(Control.GetLabel(2)) + !Control.HasFocus(91000) + ![Control.HasFocus(1001) | Control.HasFocus(1002)]</visible>
				</control>
				<control type="button" id="3">
					<description>Label 2</description>
					<height>73</height>
					<include>SettingsButtonCommonValues</include>
					<visible>!String.IsEmpty(Control.GetLabel(3)) + !Control.HasFocus(91000) + ![Control.HasFocus(1001) | Control.HasFocus(1002)]</visible>
				</control>
				<control type="button" id="4">
					<description>Label 3</description>
					<height>73</height>
					<include>SettingsButtonCommonValues</include>
					<visible>!String.IsEmpty(Control.GetLabel(4)) + !Control.HasFocus(91000) + ![Control.HasFocus(1001) | Control.HasFocus(1002)]</visible>
				</control>
				<control type="button" id="5">
					<description>Label 4</description>
					<height>73</height>
					<include>SettingsButtonCommonValues</include>
					<visible>!String.IsEmpty(Control.GetLabel(5)) + !Control.HasFocus(91000) + ![Control.HasFocus(1001) | Control.HasFocus(1002)]</visible>
				</control>
				<control type="button" id="6">
					<description>Label 5</description>
					<height>73</height>
					<include>SettingsButtonCommonValues</include>
					<visible>!String.IsEmpty(Control.GetLabel(6)) + !Control.HasFocus(91000) + ![Control.HasFocus(1001) | Control.HasFocus(1002)]</visible>
				</control>
				<control type="button" id="7">
					<description>Label 6</description>
					<height>73</height>
					<include>SettingsButtonCommonValues</include>
					<visible>!String.IsEmpty(Control.GetLabel(7)) + !Control.HasFocus(91000) + ![Control.HasFocus(1001) | Control.HasFocus(1002)]</visible>
				</control>
				<control type="button" id="8">
					<description>Label 7</description>
					<height>73</height>
					<include>SettingsButtonCommonValues</include>
					<visible>!String.IsEmpty(Control.GetLabel(8)) + !Control.HasFocus(91000) + ![Control.HasFocus(1001) | Control.HasFocus(1002)]</visible>
				</control>
				<control type="button" id="9">
					<description>Label 8</description>
					<height>73</height>
					<include>SettingsButtonCommonValues</include>
					<visible>!String.IsEmpty(Control.GetLabel(9)) + !Control.HasFocus(91000) + ![Control.HasFocus(1001) | Control.HasFocus(1002)]</visible>
				</control>
				<control type="button" id="10">
					<description>Label 9</description>
					<height>73</height>
					<include>SettingsButtonCommonValues</include>
					<visible>!String.IsEmpty(Control.GetLabel(10)) + !Control.HasFocus(91000) + ![Control.HasFocus(1001) | Control.HasFocus(1002)]</visible>
				</control>
				<control type="button" id="11">
					<description>Label 10</description>
					<height>73</height>
					<include>SettingsButtonCommonValues</include>
					<visible>!String.IsEmpty(Control.GetLabel(11)) + !Control.HasFocus(91000) + ![Control.HasFocus(1001) | Control.HasFocus(1002)]</visible>
				</control>
				<control type="button" id="12">
					<description>Label 11</description>
					<height>73</height>
					<include>SettingsButtonCommonValues</include>
					<visible>!String.IsEmpty(Control.GetLabel(12)) + !Control.HasFocus(91000) + ![Control.HasFocus(1001) | Control.HasFocus(1002)]</visible>
				</control>
				<control type="button" id="1001">
					<description>Version Label</description>
					<height>73</height>
					<include>SettingsButtonCommonValues</include>
					<label>$INFO[System.BuildVersion,$LOCALIZE[144] ]</label>
					<visible>Control.HasFocus(91000) | [Control.HasFocus(1001) | Control.HasFocus(1002)]</visible>
				</control>
				<control type="button" id="1002">
					<description>Version Label</description>
					<height>73</height>
					<include>SettingsButtonCommonValues</include>
					<label>$INFO[System.BuildDate,$LOCALIZE[174] ]</label>
					<visible>Control.HasFocus(91000) | [Control.HasFocus(1001) | Control.HasFocus(1002)]</visible>
				</control>
			</control>
			<control type="textbox" id="30">
				<left>467</left>
				<top>62</top>
				<width>1341</width>
				<align>justify</align>
				<height>755</height>
				<textcolor>grey</textcolor>
				<pagecontrol>60</pagecontrol>
				<visible>!Control.HasFocus(91000) + !Control.HasFocus(1001) + !Control.HasFocus(1002)</visible>
			</control>
			<control type="scrollbar" id="60">
				<left>1836</left>
				<top>32</top>
				<width>14</width>
				<height>808</height>
				<onleft>9000</onleft>
				<onright>9000</onright>
				<ondown>60</ondown>
				<onup>60</onup>
				<showonepage>false</showonepage>
				<texturesliderbackground />
				<texturesliderbar colordiffuse="80FFFFFF" border="1">scrollbar/texturesliderbar2.png</texturesliderbar>
				<texturesliderbarfocus border="1">scrollbar/texturesliderbar2.png</texturesliderbarfocus>
				<visible>Control.IsVisible(30)</visible>
			</control>
			<control type="group">
				<left>467</left>
				<top>895</top>
				<control type="label">
					<description>CPU Text</description>
					<width>1341</width>
					<height>30</height>
					<label>$LOCALIZE[13271]</label>
					<textcolor>grey</textcolor>
					<font>font12_title</font>
				</control>
				<control type="label">
					<description>CPU Text</description>
					<width>1341</width>
					<height>30</height>
					<textcolor>grey</textcolor>
					<font>font12_title</font>
					<align>right</align>
					<label>$INFO[System.CPUUsage]</label>
				</control>
				<control type="progress">
					<description>CPU BAR</description>
					<top>30</top>
					<width>1341</width>
					<height>24</height>
					<info>System.CPUUsage</info>
					<texturebg colordiffuse="$VAR[ThemeLabelColor]" border="3">new_pvr/texturebg_border_white.png</texturebg>
					<midtexture colordiffuse="$VAR[ThemeLabelColor]" border="3">new_pvr/texturebg_white.png</midtexture>
				</control>
				<control type="group">
					<top>60</top>
					<control type="label">
						<description>Memory Text</description>
						<width>1341</width>
						<height>30</height>
						<textcolor>grey</textcolor>
						<font>font12_title</font>
						<label>$LOCALIZE[31309]:</label>
					</control>
					<control type="label">
						<description>CPU Text</description>
						<width>1341</width>
						<height>30</height>
						<textcolor>grey</textcolor>
						<font>font12_title</font>
						<align>right</align>
						<label>$INFO[system.memory(used.percent)]</label>
					</control>
					<control type="progress">
						<description>Memory BAR</description>
						<top>35</top>
						<width>1341</width>
						<height>24</height>
						<texturebg colordiffuse="$VAR[ThemeLabelColor]" border="3">new_pvr/texturebg_border_white.png</texturebg>
						<midtexture colordiffuse="$VAR[ThemeLabelColor]" border="3">new_pvr/texturebg_white.png</midtexture>
						<info>system.memory(used)</info>
					</control>
				</control>
			</control>
		</control>
		<include>Topbar</include>
	</controls>
</window>