<?xml version="1.0" encoding="UTF-8" standalone="yes"?>
<addon id="script.module.fuzzybritches_v4" name="Fuzzy Britches v4 Module" version="21.0.6" provider-name="The Papaw">
    <requires>
        <import addon="xbmc.python" version="3.0.0" />
        <import addon="script.module.beautifulsoup4"/>
    </requires>
    <extension point="xbmc.python.module" library="lib" />
    <extension point="xbmc.addon.metadata">
        <summary lang="en">Module for the Fuzzy Britches v4 add-on.</summary>
        <description lang="en">Fuzzy Britches v4 Artwork is part of Fuzzy Britches v4 Add-on and the PSMC Collection[CR]If you would like to show your appreciation for the time and efforts I put into these projects, please scan the "Coffee Cup" (QR code) above and buy me [COLOR deepskyblue]a cup of coffee[/COLOR] or subscribe for access to "What's Next" and all future updates.[CR][CR][COLOR limegreen]Generosity like yours is rare to find these days. I thank you in advance for your support. I am very grateful for EVERY donation and truly appreciate your kindness![/COLOR][COLOR deepskyblue]  • The Papaw[/COLOR].</description>
        <platform>all</platform>
        <license>CC BY-NC-SA 4.0</license>
        <disclaimer lang="en">The author is not responsible for the use of this addon. The author is not responsible for the content found using this addon. The author does not host or own any content found within this addon.[CR]The author is in no way affiliated with Kodi, Team Kodi, or the XBMC Foundation.[CR]This is a Non-profit resource, organized solely for educational purposes which is protected under the Fair-Use doctrine of the Copyright Act, Specifically section 107, which does promote freedom of expression, by permitting the unlicensed use of copyright-protected works. Use at your own risk!</disclaimer>
        <assets>
            <icon>icon.gif</icon>
            <fanart>fanart.jpg</fanart>
			<screenshot>support/screenshot-01.jpg</screenshot>
			<screenshot>support/bmc-qr.jpg</screenshot>
        </assets>
    </extension>
</addon>
